Timestamp,Phase,DocNo,Success,Duration_Ms,Elapsed_Sec,BatchId
2026-03-28 23:12:02.650,SO,107848,1,795,0.8,LT-20260328-231201
2026-03-28 23:12:03.071,SO,107849,1,419,1.2,LT-20260328-231201
2026-03-28 23:12:03.415,SO,107850,1,338,1.6,LT-20260328-231201
2026-03-28 23:12:03.773,SO,107851,1,356,1.9,LT-20260328-231201
2026-03-28 23:12:04.121,SO,107852,1,341,2.3,LT-20260328-231201
2026-03-28 23:12:04.436,SO,107853,1,310,2.6,LT-20260328-231201
2026-03-28 23:12:04.752,SO,107854,1,311,2.9,LT-20260328-231201
2026-03-28 23:12:05.083,SO,107855,1,324,3.2,LT-20260328-231201
2026-03-28 23:12:05.415,SO,107856,1,325,3.6,LT-20260328-231201
2026-03-28 23:12:05.743,SO,107857,1,323,3.9,LT-20260328-231201
2026-03-28 23:12:06.067,SO,107858,1,319,4.2,LT-20260328-231201
2026-03-28 23:12:06.441,SO,107859,1,369,4.6,LT-20260328-231201
2026-03-28 23:12:06.748,SO,107860,1,303,4.9,LT-20260328-231201
2026-03-28 23:12:07.160,SO,107861,1,408,5.3,LT-20260328-231201
2026-03-28 23:12:07.565,SO,107862,1,398,5.7,LT-20260328-231201
2026-03-28 23:12:07.866,SO,107863,1,297,6,LT-20260328-231201
2026-03-28 23:12:08.255,SO,107864,1,386,6.4,LT-20260328-231201
2026-03-28 23:12:08.693,SO,107865,1,432,6.8,LT-20260328-231201
2026-03-28 23:12:09.097,SO,107866,1,399,7.2,LT-20260328-231201
2026-03-28 23:12:09.512,SO,107867,1,410,7.7,LT-20260328-231201
2026-03-28 23:12:09.893,SO,107868,1,377,8,LT-20260328-231201
2026-03-28 23:12:10.331,SO,107869,1,435,8.5,LT-20260328-231201
2026-03-28 23:12:10.639,SO,107870,1,304,8.8,LT-20260328-231201
2026-03-28 23:12:11.048,SO,107871,1,405,9.2,LT-20260328-231201
2026-03-28 23:12:11.457,SO,107872,1,405,9.6,LT-20260328-231201
2026-03-28 23:12:11.790,SO,107873,1,329,9.9,LT-20260328-231201
2026-03-28 23:12:12.175,SO,107874,1,381,10.3,LT-20260328-231201
2026-03-28 23:12:12.585,SO,107875,1,407,10.7,LT-20260328-231201
2026-03-28 23:12:13.198,SO,107876,1,608,11.3,LT-20260328-231201
2026-03-28 23:12:13.713,SO,107877,1,511,11.9,LT-20260328-231201
2026-03-28 23:12:14.120,SO,107878,1,403,12.3,LT-20260328-231201
2026-03-28 23:12:14.495,SO,107879,1,371,12.6,LT-20260328-231201
2026-03-28 23:12:14.851,SO,107880,1,353,13,LT-20260328-231201
2026-03-28 23:12:15.247,SO,107881,1,393,13.4,LT-20260328-231201
2026-03-28 23:12:15.657,SO,107882,1,404,13.8,LT-20260328-231201
2026-03-28 23:12:16.015,SO,107883,1,354,14.2,LT-20260328-231201
2026-03-28 23:12:16.476,SO,107884,1,455,14.6,LT-20260328-231201
2026-03-28 23:12:16.936,SO,107885,1,456,15.1,LT-20260328-231201
2026-03-28 23:12:17.295,SO,107886,1,355,15.4,LT-20260328-231201
2026-03-28 23:12:17.675,SO,107887,1,373,15.8,LT-20260328-231201
2026-03-28 23:12:18.105,SO,107888,1,425,16.3,LT-20260328-231201
2026-03-28 23:12:18.524,SO,107889,1,416,16.7,LT-20260328-231201
2026-03-28 23:12:18.898,SO,107890,1,367,17,LT-20260328-231201
2026-03-28 23:12:19.445,SO,107891,1,542,17.6,LT-20260328-231201
2026-03-28 23:12:19.864,SO,107892,1,414,18,LT-20260328-231201
2026-03-28 23:12:20.278,SO,107893,1,409,18.4,LT-20260328-231201
2026-03-28 23:12:20.777,SO,107894,1,494,18.9,LT-20260328-231201
2026-03-28 23:12:21.167,SO,107895,1,384,19.3,LT-20260328-231201
2026-03-28 23:12:21.595,SO,107896,1,424,19.7,LT-20260328-231201
2026-03-28 23:12:22.044,SO,107897,1,443,20.2,LT-20260328-231201
2026-03-28 23:12:22.516,SO,107898,1,469,20.7,LT-20260328-231201
2026-03-28 23:12:23.032,SO,107899,1,513,21.2,LT-20260328-231201
2026-03-28 23:12:23.438,SO,107900,1,402,21.6,LT-20260328-231201
2026-03-28 23:12:23.848,SO,107901,1,406,22,LT-20260328-231201
2026-03-28 23:12:24.174,SO,107902,1,318,22.3,LT-20260328-231201
2026-03-28 23:12:24.567,SO,107903,1,389,22.7,LT-20260328-231201
2026-03-28 23:12:24.976,SO,107904,1,403,23.1,LT-20260328-231201
2026-03-28 23:12:25.391,SO,107905,1,410,23.5,LT-20260328-231201
2026-03-28 23:12:25.794,SO,107906,1,397,23.9,LT-20260328-231201
2026-03-28 23:12:26.203,SO,107907,1,404,24.4,LT-20260328-231201
2026-03-28 23:12:26.615,SO,107908,1,408,24.8,LT-20260328-231201
2026-03-28 23:12:26.947,SO,107909,1,329,25.1,LT-20260328-231201
2026-03-28 23:12:27.260,SO,107910,1,307,25.4,LT-20260328-231201
2026-03-28 23:12:27.638,SO,107911,1,372,25.8,LT-20260328-231201
2026-03-28 23:12:28.048,SO,107912,1,405,26.2,LT-20260328-231201
2026-03-28 23:12:28.374,SO,107913,1,322,26.5,LT-20260328-231201
2026-03-28 23:12:28.765,SO,107914,1,384,26.9,LT-20260328-231201
2026-03-28 23:12:29.083,SO,107915,1,316,27.2,LT-20260328-231201
2026-03-28 23:12:29.424,SO,107916,1,337,27.6,LT-20260328-231201
2026-03-28 23:12:29.788,SO,107917,1,358,27.9,LT-20260328-231201
2026-03-28 23:12:30.196,SO,107918,1,404,28.3,LT-20260328-231201
2026-03-28 23:12:30.609,SO,107919,1,405,28.8,LT-20260328-231201
2026-03-28 23:12:30.924,SO,107920,1,309,29.1,LT-20260328-231201
2026-03-28 23:12:31.289,SO,107921,1,360,29.4,LT-20260328-231201
2026-03-28 23:12:31.632,SO,107922,1,339,29.8,LT-20260328-231201
2026-03-28 23:12:32.040,SO,107923,1,406,30.2,LT-20260328-231201
2026-03-28 23:12:32.373,SO,107924,1,327,30.5,LT-20260328-231201
2026-03-28 23:12:32.757,SO,107925,1,380,30.9,LT-20260328-231201
2026-03-28 23:12:33.167,SO,107926,1,405,31.3,LT-20260328-231201
2026-03-28 23:12:33.575,SO,107927,1,404,31.7,LT-20260328-231201
2026-03-28 23:12:33.986,SO,107928,1,406,32.1,LT-20260328-231201
2026-03-28 23:12:34.396,SO,107929,1,405,32.5,LT-20260328-231201
2026-03-28 23:12:34.803,SO,107930,1,403,33,LT-20260328-231201
2026-03-28 23:12:35.216,SO,107931,1,410,33.4,LT-20260328-231201
2026-03-28 23:12:35.627,SO,107932,1,408,33.8,LT-20260328-231201
2026-03-28 23:12:35.977,SO,107933,1,341,34.1,LT-20260328-231201
2026-03-28 23:12:36.445,SO,107934,1,463,34.6,LT-20260328-231201
2026-03-28 23:12:36.855,SO,107935,1,406,35,LT-20260328-231201
2026-03-28 23:12:37.217,SO,107936,1,357,35.4,LT-20260328-231201
2026-03-28 23:12:37.544,SO,107937,1,321,35.7,LT-20260328-231201
2026-03-28 23:12:37.866,SO,107938,1,318,36,LT-20260328-231201
2026-03-28 23:12:38.288,SO,107939,1,419,36.4,LT-20260328-231201
2026-03-28 23:12:38.617,SO,107940,1,323,36.8,LT-20260328-231201
2026-03-28 23:12:39.003,SO,107941,1,381,37.2,LT-20260328-231201
2026-03-28 23:12:39.349,SO,107942,1,343,37.5,LT-20260328-231201
2026-03-28 23:12:39.821,SO,107943,1,468,38,LT-20260328-231201
2026-03-28 23:12:40.143,SO,107944,1,319,38.3,LT-20260328-231201
2026-03-28 23:12:40.539,SO,107945,1,391,38.7,LT-20260328-231201
2026-03-28 23:12:40.950,SO,107946,1,409,39.1,LT-20260328-231201
2026-03-28 23:12:41.360,SO,107947,1,407,39.5,LT-20260328-231201
2026-03-28 23:12:41.782,SO,107948,1,418,39.9,LT-20260328-231201
2026-03-28 23:12:42.091,SO,107949,1,305,40.2,LT-20260328-231201
2026-03-28 23:12:42.493,SO,107950,1,398,40.6,LT-20260328-231201
2026-03-28 23:12:42.895,SO,107951,1,397,41,LT-20260328-231201
2026-03-28 23:12:43.304,SO,107952,1,405,41.5,LT-20260328-231201
2026-03-28 23:12:43.665,SO,107953,1,356,41.8,LT-20260328-231201
2026-03-28 23:12:44.125,SO,107954,1,455,42.3,LT-20260328-231201
2026-03-28 23:12:44.522,SO,107955,1,392,42.7,LT-20260328-231201
2026-03-28 23:12:44.942,SO,107956,1,413,43.1,LT-20260328-231201
2026-03-28 23:12:45.360,SO,107957,1,413,43.5,LT-20260328-231201
2026-03-28 23:12:45.728,SO,107958,1,363,43.9,LT-20260328-231201
2026-03-28 23:12:46.175,SO,107959,1,444,44.3,LT-20260328-231201
2026-03-28 23:12:46.580,SO,107960,1,401,44.7,LT-20260328-231201
2026-03-28 23:12:46.989,SO,107961,1,405,45.1,LT-20260328-231201
2026-03-28 23:12:47.380,SO,107962,1,388,45.5,LT-20260328-231201
2026-03-28 23:12:47.762,SO,107963,1,376,45.9,LT-20260328-231201
2026-03-28 23:12:48.149,SO,107964,1,380,46.3,LT-20260328-231201
2026-03-28 23:12:48.529,SO,107965,1,375,46.7,LT-20260328-231201
2026-03-28 23:12:48.940,SO,107966,1,407,47.1,LT-20260328-231201
2026-03-28 23:12:49.448,SO,107967,1,504,47.6,LT-20260328-231201
2026-03-28 23:12:49.820,SO,107968,1,366,48,LT-20260328-231201
2026-03-28 23:12:50.270,SO,107969,1,445,48.4,LT-20260328-231201
2026-03-28 23:12:50.679,SO,107970,1,404,48.8,LT-20260328-231201
2026-03-28 23:12:51.090,SO,107971,1,408,49.2,LT-20260328-231201
2026-03-28 23:12:51.599,SO,107972,1,505,49.7,LT-20260328-231201
2026-03-28 23:12:52.013,SO,107973,1,409,50.2,LT-20260328-231201
2026-03-28 23:12:52.419,SO,107974,1,403,50.6,LT-20260328-231201
2026-03-28 23:12:52.815,SO,107975,1,391,51,LT-20260328-231201
2026-03-28 23:12:53.182,SO,107976,1,360,51.3,LT-20260328-231201
2026-03-28 23:12:53.546,SO,107977,1,357,51.7,LT-20260328-231201
2026-03-28 23:12:53.876,SO,107978,1,326,52,LT-20260328-231201
2026-03-28 23:12:54.263,SO,107979,1,382,52.4,LT-20260328-231201
2026-03-28 23:12:54.673,SO,107980,1,405,52.8,LT-20260328-231201
2026-03-28 23:12:55.088,SO,107981,1,409,53.2,LT-20260328-231201
2026-03-28 23:12:55.491,SO,107982,1,396,53.6,LT-20260328-231201
2026-03-28 23:12:55.801,SO,107983,1,305,53.9,LT-20260328-231201
2026-03-28 23:12:56.208,SO,107984,1,403,54.4,LT-20260328-231201
2026-03-28 23:12:56.545,SO,107985,1,333,54.7,LT-20260328-231201
2026-03-28 23:12:56.879,SO,107986,1,331,55,LT-20260328-231201
2026-03-28 23:12:57.220,SO,107987,1,338,55.4,LT-20260328-231201
2026-03-28 23:12:57.639,SO,107988,1,416,55.8,LT-20260328-231201
2026-03-28 23:12:57.945,SO,107989,1,302,56.1,LT-20260328-231201
2026-03-28 23:12:58.319,SO,107990,1,366,56.5,LT-20260328-231201
2026-03-28 23:12:58.665,SO,107991,1,340,56.8,LT-20260328-231201
2026-03-28 23:12:59.001,SO,107992,1,331,57.1,LT-20260328-231201
2026-03-28 23:12:59.339,SO,107993,1,334,57.5,LT-20260328-231201
2026-03-28 23:12:59.660,SO,107994,1,317,57.8,LT-20260328-231201
2026-03-28 23:13:00.017,SO,107995,1,354,58.2,LT-20260328-231201
2026-03-28 23:13:00.406,SO,107996,1,385,58.6,LT-20260328-231201
2026-03-28 23:13:00.815,SO,107997,1,405,59,LT-20260328-231201
2026-03-28 23:13:01.156,SO,107998,1,337,59.3,LT-20260328-231201
2026-03-28 23:13:01.535,SO,107999,1,375,59.7,LT-20260328-231201
2026-03-28 23:13:01.879,SO,108000,1,341,60,LT-20260328-231201
2026-03-28 23:13:03.377,PO,113632,1,1419,61.5,LT-20260328-231201
2026-03-28 23:13:03.589,PO,113633,1,206,61.7,LT-20260328-231201
2026-03-28 23:13:03.766,PO,113634,1,174,61.9,LT-20260328-231201
2026-03-28 23:13:03.955,PO,113635,1,184,62.1,LT-20260328-231201
2026-03-28 23:13:04.153,PO,113636,1,193,62.3,LT-20260328-231201
2026-03-28 23:13:04.349,PO,113637,1,192,62.5,LT-20260328-231201
2026-03-28 23:13:04.537,PO,113638,1,184,62.7,LT-20260328-231201
2026-03-28 23:13:04.779,PO,113639,1,200,62.9,LT-20260328-231201
2026-03-28 23:13:04.966,PO,113640,1,182,63.1,LT-20260328-231201
2026-03-28 23:13:05.170,PO,113641,1,201,63.3,LT-20260328-231201
2026-03-28 23:13:05.368,PO,113642,1,194,63.5,LT-20260328-231201
2026-03-28 23:13:05.633,PO,113643,1,224,63.8,LT-20260328-231201
2026-03-28 23:13:05.810,PO,113644,1,174,64,LT-20260328-231201
2026-03-28 23:13:05.999,PO,113645,1,185,64.1,LT-20260328-231201
2026-03-28 23:13:06.198,PO,113646,1,195,64.3,LT-20260328-231201
2026-03-28 23:13:06.379,PO,113647,1,176,64.5,LT-20260328-231201
2026-03-28 23:13:06.549,PO,113648,1,166,64.7,LT-20260328-231201
2026-03-28 23:13:06.720,PO,113649,1,167,64.9,LT-20260328-231201
2026-03-28 23:13:06.896,PO,113650,1,173,65,LT-20260328-231201
2026-03-28 23:13:07.110,PO,113651,1,210,65.3,LT-20260328-231201
2026-03-28 23:13:07.323,PO,113652,1,208,65.5,LT-20260328-231201
2026-03-28 23:13:07.521,PO,113653,1,193,65.7,LT-20260328-231201
2026-03-28 23:13:07.706,PO,113654,1,182,65.9,LT-20260328-231201
2026-03-28 23:13:07.873,PO,113655,1,163,66,LT-20260328-231201
2026-03-28 23:13:08.062,PO,113656,1,185,66.2,LT-20260328-231201
2026-03-28 23:13:08.247,PO,113657,1,183,66.4,LT-20260328-231201
2026-03-28 23:13:08.418,PO,113658,1,166,66.6,LT-20260328-231201
2026-03-28 23:13:08.595,PO,113659,1,173,66.7,LT-20260328-231201
2026-03-28 23:13:08.776,PO,113660,1,176,66.9,LT-20260328-231201
2026-03-28 23:13:08.942,PO,113661,1,163,67.1,LT-20260328-231201
2026-03-28 23:13:09.116,PO,113662,1,169,67.3,LT-20260328-231201
2026-03-28 23:13:09.326,PO,113663,1,206,67.5,LT-20260328-231201
2026-03-28 23:13:09.517,PO,113664,1,190,67.7,LT-20260328-231201
2026-03-28 23:13:09.686,PO,113665,1,165,67.8,LT-20260328-231201
2026-03-28 23:13:09.870,PO,113666,1,181,68,LT-20260328-231201
2026-03-28 23:13:10.041,PO,113667,1,167,68.2,LT-20260328-231201
2026-03-28 23:13:10.234,PO,113668,1,190,68.4,LT-20260328-231201
2026-03-28 23:13:10.431,PO,113669,1,192,68.6,LT-20260328-231201
2026-03-28 23:13:10.630,PO,113670,1,194,68.8,LT-20260328-231201
2026-03-28 23:13:10.813,PO,113671,1,180,69,LT-20260328-231201
2026-03-28 23:13:10.994,PO,113672,1,177,69.1,LT-20260328-231201
2026-03-28 23:13:11.192,PO,113673,1,192,69.3,LT-20260328-231201
2026-03-28 23:13:11.362,PO,113674,1,165,69.5,LT-20260328-231201
2026-03-28 23:13:11.551,PO,113675,1,185,69.7,LT-20260328-231201
2026-03-28 23:13:11.732,PO,113676,1,177,69.9,LT-20260328-231201
2026-03-28 23:13:11.905,PO,113677,1,170,70.1,LT-20260328-231201
2026-03-28 23:13:12.107,PO,113678,1,199,70.3,LT-20260328-231201
2026-03-28 23:13:12.288,PO,113679,1,177,70.4,LT-20260328-231201
2026-03-28 23:13:12.469,PO,113680,1,176,70.6,LT-20260328-231201
2026-03-28 23:13:12.640,PO,113681,1,167,70.8,LT-20260328-231201
2026-03-28 23:13:12.810,PO,113682,1,169,71,LT-20260328-231201
2026-03-28 23:13:12.988,PO,113683,1,173,71.1,LT-20260328-231201
2026-03-28 23:13:13.228,PO,113684,1,236,71.4,LT-20260328-231201
2026-03-28 23:13:13.484,PO,113685,1,251,71.6,LT-20260328-231201
2026-03-28 23:13:13.755,PO,113686,1,247,71.9,LT-20260328-231201
2026-03-28 23:13:13.975,PO,113687,1,218,72.1,LT-20260328-231201
2026-03-28 23:13:14.205,PO,113688,1,226,72.4,LT-20260328-231201
2026-03-28 23:13:14.424,PO,113689,1,215,72.6,LT-20260328-231201
2026-03-28 23:13:14.644,PO,113690,1,216,72.8,LT-20260328-231201
2026-03-28 23:13:14.946,PO,113691,1,298,73.1,LT-20260328-231201
2026-03-28 23:13:15.170,PO,113692,1,221,73.3,LT-20260328-231201
2026-03-28 23:13:15.403,PO,113693,1,228,73.6,LT-20260328-231201
2026-03-28 23:13:15.629,PO,113694,1,222,73.8,LT-20260328-231201
2026-03-28 23:13:15.864,PO,113695,1,231,74,LT-20260328-231201
2026-03-28 23:13:16.099,PO,113696,1,231,74.2,LT-20260328-231201
2026-03-28 23:13:16.330,PO,113697,1,229,74.5,LT-20260328-231201
2026-03-28 23:13:16.557,PO,113698,1,221,74.7,LT-20260328-231201
2026-03-28 23:13:16.779,PO,113699,1,217,74.9,LT-20260328-231201
2026-03-28 23:13:17.001,PO,113700,1,217,75.1,LT-20260328-231201
2026-03-28 23:13:17.233,PO,113701,1,228,75.4,LT-20260328-231201
2026-03-28 23:13:17.451,PO,113702,1,214,75.6,LT-20260328-231201
2026-03-28 23:13:17.687,PO,113703,1,230,75.8,LT-20260328-231201
2026-03-28 23:13:17.913,PO,113704,1,218,76.1,LT-20260328-231201
2026-03-28 23:13:18.155,PO,113705,1,239,76.3,LT-20260328-231201
2026-03-28 23:13:18.383,PO,113706,1,223,76.5,LT-20260328-231201
2026-03-28 23:13:18.675,PO,113707,1,248,76.8,LT-20260328-231201
2026-03-28 23:13:18.912,PO,113708,1,233,77.1,LT-20260328-231201
2026-03-28 23:13:19.135,PO,113709,1,220,77.3,LT-20260328-231201
2026-03-28 23:13:19.383,PO,113710,1,243,77.5,LT-20260328-231201
2026-03-28 23:13:19.602,PO,113711,1,216,77.7,LT-20260328-231201
2026-03-28 23:13:19.842,PO,113712,1,236,78,LT-20260328-231201
2026-03-28 23:13:20.067,PO,113713,1,222,78.2,LT-20260328-231201
2026-03-28 23:13:20.306,PO,113714,1,235,78.5,LT-20260328-231201
2026-03-28 23:13:20.550,PO,113715,1,240,78.7,LT-20260328-231201
2026-03-28 23:13:20.767,PO,113716,1,215,78.9,LT-20260328-231201
2026-03-28 23:13:20.983,PO,113717,1,213,79.1,LT-20260328-231201
2026-03-28 23:13:21.206,PO,113718,1,219,79.4,LT-20260328-231201
2026-03-28 23:13:21.430,PO,113719,1,220,79.6,LT-20260328-231201
2026-03-28 23:13:21.655,PO,113720,1,221,79.8,LT-20260328-231201
2026-03-28 23:13:21.873,PO,113721,1,215,80,LT-20260328-231201
2026-03-28 23:13:22.093,PO,113722,1,216,80.2,LT-20260328-231201
2026-03-28 23:13:22.338,PO,113723,1,240,80.5,LT-20260328-231201
2026-03-28 23:13:22.575,PO,113724,1,230,80.7,LT-20260328-231201
2026-03-28 23:13:22.807,PO,113725,1,228,81,LT-20260328-231201
2026-03-28 23:13:23.031,PO,113726,1,221,81.2,LT-20260328-231201
2026-03-28 23:13:23.276,PO,113727,1,238,81.4,LT-20260328-231201
2026-03-28 23:13:23.524,PO,113728,1,244,81.7,LT-20260328-231201
2026-03-28 23:13:23.762,PO,113729,1,233,81.9,LT-20260328-231201
2026-03-28 23:13:24.022,PO,113730,1,224,82.2,LT-20260328-231201
2026-03-28 23:13:24.240,PO,113731,1,214,82.4,LT-20260328-231201
2026-03-28 23:13:24.473,PO,113732,1,228,82.6,LT-20260328-231201
2026-03-28 23:13:24.776,PO,113733,1,248,82.9,LT-20260328-231201
2026-03-28 23:13:25.002,PO,113734,1,222,83.1,LT-20260328-231201
2026-03-28 23:13:25.226,PO,113735,1,219,83.4,LT-20260328-231201
2026-03-28 23:13:25.462,PO,113736,1,233,83.6,LT-20260328-231201
2026-03-28 23:13:25.691,PO,113737,1,225,83.8,LT-20260328-231201
2026-03-28 23:13:25.920,PO,113738,1,226,84.1,LT-20260328-231201
2026-03-28 23:13:26.141,PO,113739,1,216,84.3,LT-20260328-231201
2026-03-28 23:13:26.362,PO,113740,1,217,84.5,LT-20260328-231201
2026-03-28 23:13:26.582,PO,113741,1,217,84.7,LT-20260328-231201
2026-03-28 23:13:26.812,PO,113742,1,225,85,LT-20260328-231201
2026-03-28 23:13:27.042,PO,113743,1,227,85.2,LT-20260328-231201
2026-03-28 23:13:27.263,PO,113744,1,217,85.4,LT-20260328-231201
2026-03-28 23:13:27.495,PO,113745,1,226,85.6,LT-20260328-231201
2026-03-28 23:13:27.723,PO,113746,1,224,85.9,LT-20260328-231201
2026-03-28 23:13:27.965,PO,113747,1,238,86.1,LT-20260328-231201
2026-03-28 23:13:28.252,PO,113748,1,252,86.4,LT-20260328-231201
2026-03-28 23:13:28.473,PO,113749,1,215,86.6,LT-20260328-231201
2026-03-28 23:13:28.697,PO,113750,1,219,86.8,LT-20260328-231201
2026-03-28 23:13:28.928,PO,113751,1,227,87.1,LT-20260328-231201
2026-03-28 23:13:29.160,PO,113752,1,226,87.3,LT-20260328-231201
2026-03-28 23:13:29.382,PO,113753,1,218,87.5,LT-20260328-231201
2026-03-28 23:13:29.609,PO,113754,1,220,87.8,LT-20260328-231201
2026-03-28 23:13:29.838,PO,113755,1,225,88,LT-20260328-231201
2026-03-28 23:13:30.069,PO,113756,1,228,88.2,LT-20260328-231201
2026-03-28 23:13:30.298,PO,113757,1,225,88.4,LT-20260328-231201
2026-03-28 23:13:30.540,PO,113758,1,237,88.7,LT-20260328-231201
2026-03-28 23:13:30.782,PO,113759,1,238,88.9,LT-20260328-231201
2026-03-28 23:13:31.028,PO,113760,1,241,89.2,LT-20260328-231201
2026-03-28 23:13:31.258,PO,113761,1,226,89.4,LT-20260328-231201
2026-03-28 23:13:31.477,PO,113762,1,216,89.6,LT-20260328-231201
2026-03-28 23:13:31.701,PO,113763,1,220,89.8,LT-20260328-231201
2026-03-28 23:13:31.928,PO,113764,1,223,90.1,LT-20260328-231201
2026-03-28 23:13:32.192,PO,113765,1,233,90.3,LT-20260328-231201
2026-03-28 23:13:32.427,PO,113766,1,231,90.6,LT-20260328-231201
2026-03-28 23:13:32.671,PO,113767,1,238,90.8,LT-20260328-231201
2026-03-28 23:13:32.897,PO,113768,1,223,91,LT-20260328-231201
2026-03-28 23:13:33.121,PO,113769,1,220,91.3,LT-20260328-231201
2026-03-28 23:13:33.359,PO,113770,1,234,91.5,LT-20260328-231201
2026-03-28 23:13:33.601,PO,113771,1,236,91.7,LT-20260328-231201
2026-03-28 23:13:33.823,PO,113772,1,218,92,LT-20260328-231201
2026-03-28 23:13:34.051,PO,113773,1,224,92.2,LT-20260328-231201
2026-03-28 23:13:34.272,PO,113774,1,217,92.4,LT-20260328-231201
2026-03-28 23:13:34.495,PO,113775,1,218,92.6,LT-20260328-231201
2026-03-28 23:13:34.721,PO,113776,1,222,92.9,LT-20260328-231201
2026-03-28 23:13:34.946,PO,113777,1,222,93.1,LT-20260328-231201
2026-03-28 23:13:35.193,PO,113778,1,241,93.3,LT-20260328-231201
2026-03-28 23:13:35.431,PO,113779,1,230,93.6,LT-20260328-231201
2026-03-28 23:13:35.700,PO,113780,1,264,93.8,LT-20260328-231201
2026-03-28 23:13:36.144,PO,113781,1,439,94.3,LT-20260328-231201
2026-03-28 23:13:36.401,PO,113782,1,250,94.5,LT-20260328-231201
2026-03-28 23:13:36.668,PO,113783,1,263,94.8,LT-20260328-231201
2026-03-28 23:13:36.934,PO,113784,1,233,95.1,LT-20260328-231201
2026-03-28 23:13:37.173,PO,113785,1,236,95.3,LT-20260328-231201
2026-03-28 23:13:37.406,PO,113786,1,229,95.6,LT-20260328-231201
2026-03-28 23:13:37.648,PO,113787,1,236,95.8,LT-20260328-231201
2026-03-28 23:13:38.499,PO,113788,1,845,96.6,LT-20260328-231201
2026-03-28 23:13:38.909,PO,113789,1,406,97.1,LT-20260328-231201
2026-03-28 23:13:39.152,PO,113790,1,235,97.3,LT-20260328-231201
2026-03-28 23:13:39.371,PO,113791,1,216,97.5,LT-20260328-231201
2026-03-28 23:13:39.623,PO,113792,1,248,97.8,LT-20260328-231201
2026-03-28 23:13:39.854,PO,113793,1,227,98,LT-20260328-231201
2026-03-28 23:13:40.076,PO,113794,1,217,98.2,LT-20260328-231201
2026-03-28 23:13:40.309,PO,113795,1,228,98.5,LT-20260328-231201
2026-03-28 23:13:40.529,PO,113796,1,215,98.7,LT-20260328-231201
2026-03-28 23:13:40.764,PO,113797,1,227,98.9,LT-20260328-231201
2026-03-28 23:13:40.997,PO,113798,1,229,99.1,LT-20260328-231201
2026-03-28 23:13:41.248,PO,113799,1,246,99.4,LT-20260328-231201
2026-03-28 23:13:41.473,PO,113800,1,222,99.6,LT-20260328-231201
2026-03-28 23:13:41.725,PO,113801,1,248,99.9,LT-20260328-231201
2026-03-28 23:13:41.953,PO,113802,1,224,100.1,LT-20260328-231201
2026-03-28 23:13:42.239,PO,113803,1,238,100.4,LT-20260328-231201
2026-03-28 23:13:42.474,PO,113804,1,230,100.6,LT-20260328-231201
2026-03-28 23:13:42.750,PO,113805,1,272,100.9,LT-20260328-231201
2026-03-28 23:13:42.992,PO,113806,1,239,101.1,LT-20260328-231201
2026-03-28 23:13:43.223,PO,113807,1,227,101.4,LT-20260328-231201
2026-03-28 23:13:43.471,PO,113808,1,244,101.6,LT-20260328-231201
2026-03-28 23:13:43.706,PO,113809,1,229,101.9,LT-20260328-231201
2026-03-28 23:13:43.924,PO,113810,1,210,102.1,LT-20260328-231201
2026-03-28 23:13:44.147,PO,113811,1,220,102.3,LT-20260328-231201
2026-03-28 23:13:44.383,PO,113812,1,233,102.5,LT-20260328-231201
2026-03-28 23:13:44.599,PO,113813,1,212,102.7,LT-20260328-231201
2026-03-28 23:13:44.823,PO,113814,1,217,103,LT-20260328-231201
2026-03-28 23:13:45.047,PO,113815,1,222,103.2,LT-20260328-231201
2026-03-28 23:13:45.270,PO,113816,1,217,103.4,LT-20260328-231201
2026-03-28 23:13:45.497,PO,113817,1,222,103.6,LT-20260328-231201
2026-03-28 23:13:45.718,PO,113818,1,217,103.9,LT-20260328-231201
2026-03-28 23:13:45.954,PO,113819,1,231,104.1,LT-20260328-231201
2026-03-28 23:13:46.199,PO,113820,1,241,104.3,LT-20260328-231201
2026-03-28 23:13:46.424,PO,113821,1,221,104.6,LT-20260328-231201
2026-03-28 23:13:46.658,PO,113822,1,228,104.8,LT-20260328-231201
2026-03-28 23:13:46.888,PO,113823,1,225,105,LT-20260328-231201
2026-03-28 23:13:47.128,PO,113824,1,235,105.3,LT-20260328-231201
2026-03-28 23:13:47.357,PO,113825,1,224,105.5,LT-20260328-231201
2026-03-28 23:13:47.622,PO,113826,1,231,105.8,LT-20260328-231201
2026-03-28 23:13:47.841,PO,113827,1,215,106,LT-20260328-231201
2026-03-28 23:13:48.075,PO,113828,1,228,106.2,LT-20260328-231201
2026-03-28 23:13:48.295,PO,113829,1,214,106.4,LT-20260328-231201
2026-03-28 23:13:48.524,PO,113830,1,225,106.7,LT-20260328-231201
2026-03-28 23:13:48.758,PO,113831,1,229,106.9,LT-20260328-231201
2026-03-28 23:13:49.000,PO,113832,1,237,107.1,LT-20260328-231201
2026-03-28 23:13:49.242,PO,113833,1,237,107.4,LT-20260328-231201
2026-03-28 23:13:49.462,PO,113834,1,215,107.6,LT-20260328-231201
2026-03-28 23:13:49.684,PO,113835,1,217,107.8,LT-20260328-231201
2026-03-28 23:13:49.905,PO,113836,1,218,108.1,LT-20260328-231201
2026-03-28 23:13:50.133,PO,113837,1,222,108.3,LT-20260328-231201
2026-03-28 23:13:50.435,PO,113838,1,298,108.6,LT-20260328-231201
2026-03-28 23:13:50.672,PO,113839,1,232,108.8,LT-20260328-231201
2026-03-28 23:13:50.895,PO,113840,1,218,109,LT-20260328-231201
2026-03-28 23:13:51.125,PO,113841,1,226,109.3,LT-20260328-231201
2026-03-28 23:13:51.359,PO,113842,1,226,109.5,LT-20260328-231201
2026-03-28 23:13:51.584,PO,113843,1,220,109.7,LT-20260328-231201
2026-03-28 23:13:51.913,PO,113844,1,325,110.1,LT-20260328-231201
2026-03-28 23:13:52.152,PO,113845,1,234,110.3,LT-20260328-231201
2026-03-28 23:13:52.426,PO,113846,1,231,110.6,LT-20260328-231201
2026-03-28 23:13:52.653,PO,113847,1,225,110.8,LT-20260328-231201
2026-03-28 23:13:52.874,PO,113848,1,216,111,LT-20260328-231201
2026-03-28 23:13:53.118,PO,113849,1,239,111.3,LT-20260328-231201
2026-03-28 23:13:53.347,PO,113850,1,224,111.5,LT-20260328-231201
2026-03-28 23:13:53.621,PO,113851,1,271,111.8,LT-20260328-231201
2026-03-28 23:13:53.845,PO,113852,1,218,112,LT-20260328-231201
2026-03-28 23:13:54.068,PO,113853,1,216,112.2,LT-20260328-231201
2026-03-28 23:13:54.314,PO,113854,1,243,112.5,LT-20260328-231201
2026-03-28 23:13:54.542,PO,113855,1,224,112.7,LT-20260328-231201
2026-03-28 23:13:54.779,PO,113856,1,232,112.9,LT-20260328-231201
2026-03-28 23:13:55.013,PO,113857,1,230,113.2,LT-20260328-231201
2026-03-28 23:13:55.286,PO,113858,1,269,113.4,LT-20260328-231201
2026-03-28 23:13:55.602,PO,113859,1,310,113.7,LT-20260328-231201
2026-03-28 23:13:55.903,PO,113860,1,296,114.1,LT-20260328-231201
2026-03-28 23:13:56.240,PO,113861,1,331,114.4,LT-20260328-231201
2026-03-28 23:13:56.536,PO,113862,1,291,114.7,LT-20260328-231201
2026-03-28 23:13:56.874,PO,113863,1,332,115,LT-20260328-231201
2026-03-28 23:13:57.213,PO,113864,1,334,115.4,LT-20260328-231201
2026-03-28 23:13:57.548,PO,113865,1,330,115.7,LT-20260328-231201
2026-03-28 23:13:57.946,PO,113866,1,395,116.1,LT-20260328-231201
2026-03-28 23:13:58.200,PO,113867,1,250,116.3,LT-20260328-231201
2026-03-28 23:13:58.483,PO,113868,1,279,116.6,LT-20260328-231201
2026-03-28 23:13:58.707,PO,113869,1,219,116.9,LT-20260328-231201
2026-03-28 23:13:58.935,PO,113870,1,222,117.1,LT-20260328-231201
2026-03-28 23:13:59.159,PO,113871,1,221,117.3,LT-20260328-231201
2026-03-28 23:13:59.392,PO,113872,1,227,117.5,LT-20260328-231201
2026-03-28 23:13:59.619,PO,113873,1,221,117.8,LT-20260328-231201
2026-03-28 23:13:59.846,PO,113874,1,218,118,LT-20260328-231201
2026-03-28 23:14:00.066,PO,113875,1,216,118.2,LT-20260328-231201
2026-03-28 23:14:00.290,PO,113876,1,221,118.4,LT-20260328-231201
2026-03-28 23:14:00.525,PO,113877,1,230,118.7,LT-20260328-231201
2026-03-28 23:14:00.782,PO,113878,1,220,118.9,LT-20260328-231201
2026-03-28 23:14:01.018,PO,113879,1,233,119.2,LT-20260328-231201
2026-03-28 23:14:01.252,PO,113880,1,230,119.4,LT-20260328-231201
2026-03-28 23:14:01.483,PO,113881,1,225,119.6,LT-20260328-231201
2026-03-28 23:14:01.706,PO,113882,1,218,119.9,LT-20260328-231201
2026-03-28 23:14:01.931,PO,113883,1,220,120.1,LT-20260328-231201
2026-03-28 23:14:02.155,PO,113884,1,220,120.3,LT-20260328-231201
